Country Code,Access to electricity (% of population),Battle-related deaths (number of people),Carbon dioxide (CO2) emissions from Industrial Processes (Mt CO2e),GDP per capita (constant 2015 US$),"Labor force participation rate, total (% of total population ages 15+) (national estimate)","Life expectancy at birth, total (years)","Mortality rate, infant (per 1,000 live births)",Number of infant deaths,"Population, total",Proportion of seats held by women in national parliaments (%),Income Group,Region
ABW,100,..,0.0021,31430.9353682253,..,76.353,..,..,107359,..,High income,Latin America & Caribbean
AFE,50.6675157944854,..,40.6725,1431.72178996886,..,65.1462279163724,41.9690853793299,1021883,750491370,30.5180591025173,,Africa Eastern and Southern
AFG,85.3,237,0.0931,378.06630312259,..,66.035,49.9,72559,41454761,..,Low income,Middle East & North Africa
AFW,57.0692665803595,9004,33.2706,1778.86434703356,..,58.8557398136649,57.3536816920022,959600,509398589,20.7677165354331,,Africa Western and Central
AGO,51.1,..,1.7977,2809.15727975557,72.207,64.617,33,44948,36749906,33.6363636363636,Lower middle income,Sub-Saharan Africa
ALB,100,..,0.8186,6198.17195301204,63.882,79.602,8.3,241,2414095,35.7142857142857,Upper middle income,Europe & Central Asia
AND,100,..,..,40227.2524257376,..,84.041,2.5,1,80856,50,High income,Europe & Central Asia
ARB,91.6454299444509,..,232.7081,6311.42160022415,..,72.4446783578531,27.4409368971315,306091,482105978,17.7282377919321,,Arab World
ARE,100,..,19.111,41926.5823645673,78.454,82.909,4,396,10483751,50,High income,Middle East & North Africa
ARG,100,..,11.2778,12993.0928872416,62.286,77.395,8.2,4094,45538401,43.1906614785992,Upper middle income,Latin America & Caribbean
ARM,100,20,0.4574,5197.23509013575,65.294,77.4658536585366,8.9,307,2964300,35.5140186915888,Upper middle income,Europe & Central Asia
ASM,..,..,0.0001,..,..,72.852,..,..,47521,..,High income,East Asia & Pacific
ATG,100,..,0.0014,17789.4058123944,..,77.598,7.2,8,93316,5.55555555555556,High income,Latin America & Caribbean
AUS,100,..,13.6317,61869.082498576,67.171,83.0512195121951,3.1,952,26659922,38.4105960264901,High income,East Asia & Pacific
AUT,100,..,5.0406,46497.9114640341,61.607,81.7926829268293,2.8,223,9131761,40.9836065573771,High income,Europe & Central Asia
AZE,100,442,1.7377,5668.61021317029,..,74.429,13.2,1674,10153958,18.6440677966102,Upper middle income,Europe & Central Asia
BDI,11.6,86,0.1351,264.843307950214,..,63.651,31.4,14342,13689450,38.2113821138211,Low income,Sub-Saharan Africa
BEL,100,..,9.8964,44866.1935177304,54.997,82.4,3.2,339,11779946,42.6666666666667,High income,Europe & Central Asia
BEN,57,28,1.2682,1263.62158336368,..,60.774,46.5,21922,14111034,26.605504587156,Lower middle income,Sub-Saharan Africa
BFA,21.7,4608,1.2641,745.405334618409,47.453,61.092,44.9,32279,23025776,16.9014084507042,Low income,Sub-Saharan Africa
BGD,99.5,..,13.4182,1885.37733613545,60.885,74.672,24.4,84861,171466990,20.8571428571429,Lower middle income,South Asia
BGR,100,..,4.1372,9787.26510772747,55.654,75.7560975609756,4.8,305,6446596,24.1666666666667,High income,Europe & Central Asia
BHR,100,..,4.0227,25342.6226641572,..,81.284,7.2,143,1577059,20,High income,Middle East & North Africa
BHS,100,..,0.0044,33009.645615121,97.662,74.552,11.3,49,399440,17.9487179487179,High income,Latin America & Caribbean
BIH,100,..,1.3741,6493.32400514463,51.868,77.85,5.3,132,3185073,19.0476190476191,Upper middle income,Europe & Central Asia
BLR,100,..,4.826,6497.78450683592,69.728,74.1837804878049,1.9,131,9178298,40,Upper middle income,Europe & Central Asia
BLZ,99.6,..,0.0032,6165.69414825936,..,73.566,10.9,78,411106,15.625,Upper middle income,Latin America & Caribbean
BMU,100,..,0.0009,115124.71719745,..,82.309,..,..,64698,..,High income,North America
BOL,99.8,..,1.5804,3122.77049447823,78.318,68.581,14.9,3859,12244159,46.1538461538462,Lower middle income,Latin America & Caribbean
BRA,99.8,..,47.3457,9288.02594608687,62.754,75.848,12.4,32508,211140729,17.5438596491228,Upper middle income,Latin America & Caribbean
BRB,100,..,0.0915,21068.2610447067,61.522,76.178,9.4,30,282336,26.6666666666667,High income,Latin America & Caribbean
BRN,100,..,0.1301,28645.9645396284,63.868,75.327,8.7,54,458949,11.7647058823529,High income,East Asia & Pacific
BTN,100,..,0.6191,3480.51388574877,64.994,72.975,14.3,142,786385,17.3913043478261,Lower middle income,South Asia
BWA,76,..,0.3546,7269.05170664457,67.828,69.163,33.3,2034,2480244,11.1111111111111,Upper middle income,Sub-Saharan Africa
CAF,17.6,261,0.011,397.467795750451,..,57.408,60.8,13811,5152421,12.8571428571429,Low income,Sub-Saharan Africa
CAN,100,..,30.9704,45048.2842408265,65.614,81.6263414634146,4.7,1659,40083484,30.6547619047619,High income,North America
CEB,100,..,47.7157,16494.8126887526,57.7665090828968,77.7580384683685,3.95279671275124,3527,100183707,25.531914893617,,Central Europe and the Baltics
CHE,100,..,2.5506,90077.4460280731,67.651,84.1560975609756,3.4,285,8888822,38.5,High income,Europe & Central Asia
CHI,100,..,..,69818.1528119104,..,81.1,..,..,167691,..,High income,Europe & Central Asia
CHL,100,..,3.0746,14280.3475638842,61.574,81.167,5.9,1074,19658835,35.4838709677419,High income,Latin America & Caribbean
CHN,100,1,1456.092,12484.1578844175,..,77.953,4.4,40319,1410710000,26.5367819952973,Upper middle income,East Asia & Pacific
CIV,72.4,..,2.2839,2315.38147441648,..,61.944,46.2,45447,31165654,13.7254901960784,Lower middle income,Sub-Saharan Africa
CMR,72,358,2.1201,1468.17837007337,..,63.7,41.3,39077,28372687,33.8888888888889,Lower middle income,Sub-Saharan Africa
COD,22.1,689,1.0194,539.45912637913,..,61.895,57.2,244464,105789731,12.8,Low income,Sub-Saharan Africa
COG,51.3,..,0.3597,1677.08549205924,..,65.772,27.7,5187,6182885,14.5695364238411,Lower middle income,Sub-Saharan Africa
COL,98.7,89,6.475,6828.59753791113,63.736,77.725,10.8,7642,52321152,28.8770053475936,Upper middle income,Latin America & Caribbean
COM,89.8,..,0.0023,1382.51308503106,..,66.777,36,870,850387,16.6666666666667,Lower middle income,Sub-Saharan Africa
CPV,98.6,..,0.002,4168.67748407593,..,76.059,11,71,522331,41.6666666666667,Upper middle income,Sub-Saharan Africa
CRI,100,..,0.4886,14318.8389652137,56.831,80.799,8.8,461,5105525,47.3684210526316,High income,Latin America & Caribbean
CSS,99.168477538461,..,12.1636,16468.9430284866,..,73.1716450013098,17.0205325047219,1117,4519904,26.3565891472868,,Caribbean small states
CUB,100,..,0.4599,7433.42885399674,..,78.085,6.5,625,11019931,55.7446808510638,Upper middle income,Latin America & Caribbean
CUW,100,..,..,17326.9646862721,..,76.8,..,..,154654,..,High income,Latin America & Caribbean
CYM,100,..,0.0019,83005.4838305223,..,80.358,..,..,73038,..,High income,Latin America & Caribbean
CYP,100,..,1.1419,31884.84375,65.54,81.648,3.8,55,1344976,14.2857142857143,High income,Europe & Central Asia
CZE,100,..,5.0998,20272.5874017334,59.951,79.8268292682927,2.1,202,10864042,26,High income,Europe & Central Asia
DEU,100,..,38.6229,44368.9920074881,61.672,81.0414634146342,3.1,2256,83287273,35.1902173913043,High income,Europe & Central Asia
DJI,65.2,..,0.1902,3117.8155381531,..,65.987,44.4,1054,1152944,26.1538461538462,Lower middle income,Middle East & North Africa
DMA,100,..,0.0015,8946.98822588042,..,71.132,33.1,24,66510,37.5,Upper middle income,Latin America & Caribbean
DNK,100,..,1.5492,59026.9843650999,63.652,81.7536585365854,3.4,199,5946952,43.5754189944134,High income,Europe & Central Asia
DOM,99.6,..,2.5059,8809.96335385949,64.282,73.72,28.4,5776,11331265,27.8947368421053,Upper middle income,Latin America & Caribbean
DZA,100,..,16.3884,4660.40545687895,..,76.261,19.7,18058,46164219,7.86240786240786,Upper middle income,Middle East & North Africa
EAP,98.2376383007189,2772,1643.0407,9665.75975299647,..,75.8806830895266,11.725115588834,233735,2137527754,22.7996395313908,,East Asia & Pacific (excluding high income)
EAR,95.7044381043822,35016,774.1644,3793.52187314813,57.8334872640569,71.7962449795855,26.1411721943006,1695932,3511607650,25.1365091319902,,Early-demographic dividend
EAS,98.4044624957692,2772,1778.1823,12789.571638276,..,76.6572021082574,11.1,237045,2384441485,22.5273328248157,,East Asia & Pacific
ECA,100,..,108.819,8356.07726564962,..,74.7901887741185,12.2873577138309,45249,248721385,26.1852662290299,,Europe & Central Asia (excluding high income)
ECS,100,..,430.8478,25669.8654521598,59.081471523479,78.3911328035275,6.9,66194,924773523,31.1179949310053,,Europe & Central Asia
ECU,98.7,..,2.1838,6174.81822806637,64.457,77.392,11.1,3013,17980083,43.0656934306569,Upper middle income,Latin America & Caribbean
EGY,100,..,38.2904,4111.3118478995,44.669,71.633,21.3,50786,114535772,27.5337837837838,Lower middle income,Middle East & North Africa
EMU,100,..,147.0958,38060.382262715,57.8593690783871,82.2555207096815,3.0270342204924,8836,349762722,34.5325389550871,,Euro area
ERI,54.4,..,0.0821,..,..,68.624,25.4,2492,3470390,..,Low income,Sub-Saharan Africa
ESP,100,..,19.4428,28558.6319817501,58.064,83.9341463414634,2.6,885,48352528,44.2857142857143,High income,Europe & Central Asia
EST,100,..,0.1253,20126.3730486957,66.458,78.7926829268293,1.6,18,1370286,28.7128712871287,High income,Europe & Central Asia
ETH,55.4,1688,3.2335,842.44660489404,..,67.315,38.7,156700,128691692,41.3135593220339,,Sub-Saharan Africa
EUU,100,..,190.4169,34631.1439044457,58.0579383047482,81.4249329538218,3.19965390403388,12213,448897545,32.953646574909,,European Union
FCS,58.950109305747,101589,73.3308,1423.91012233176,..,63.3499447771075,50.5119358782838,1647766,1057033168,21.875,,Fragile and conflict affected situations
FIN,100,..,2.9738,45357.0296547377,61.105,81.5853658536585,1.9,83,5583911,46,High income,Europe & Central Asia
FJI,99.3,..,0.0512,5761.5694863591,..,67.316,23.5,390,924145,10.9090909090909,Upper middle income,East Asia & Pacific
FRA,100,..,19.3449,39319.4152227295,56.317,82.8317073170732,3.4,2258,68372286,37.7816291161178,High income,Europe & Central Asia
FRO,100,..,0.0001,59050.1954015578,..,82.9521195121951,..,..,54414,..,High income,Europe & Central Asia
FSM,86.9,..,0.0002,2923.05174793291,..,67.198,20.9,52,112630,14.2857142857143,Lower middle income,East Asia & Pacific
GAB,94.1,..,0.2369,6541.2536861807,..,68.337,26.9,1839,2484789,24.4897959183673,Upper middle income,Sub-Saharan Africa
GBR,100,..,10.4816,47934.9375098983,62.227,81.2380975609756,4.1,2794,68492000,34.6153846153846,High income,Europe & Central Asia
GEO,100,..,2.1727,6180.6206023429,65.554,74.496,7.6,333,3715483,18.4397163120567,Upper middle income,Europe & Central Asia
GHA,89.5,..,2.9324,2091.8133564595,66.623,65.498,28.4,25022,33787914,14.5454545454545,Lower middle income,Sub-Saharan Africa
GIB,100,..,0.0001,..,..,83.553,..,..,38471,..,High income,Europe & Central Asia
GIN,51.1,..,0.6968,1016.88094800324,..,60.74,61.4,29509,14405468,29.6296296296296,Lower middle income,Sub-Saharan Africa
GMB,66.9,..,0.0049,735.612383709511,47.549,65.86,33.7,2735,2697845,8.62068965517241,Low income,Sub-Saharan Africa
GNB,40.5,..,0.0043,779.085789155531,..,64.085,43.4,2774,2153339,9.80392156862745,Low income,Sub-Saharan Africa
GNQ,66.9,..,0.7314,5118.21986148331,..,63.707,49.2,2658,1847549,31,Upper middle income,Sub-Saharan Africa
GRC,100,..,3.9752,21050.8648111581,52.152,81.7365853658537,3.3,243,10407351,23,High income,Europe & Central Asia
GRD,94.4,..,0.0008,9817.86383583917,62.376,75.205,16.7,23,117081,31.25,Upper middle income,Latin America & Caribbean
GRL,100,..,0.0001,49929.7755428605,..,70.9724390243902,..,..,56865,..,High income,Europe & Central Asia
GTM,100,..,1.4306,4470.70728455461,68.248,72.602,17.7,6651,18124838,20,Upper middle income,Latin America & Caribbean
GUM,100,..,0.0003,..,..,77.209,..,..,166506,..,High income,East Asia & Pacific
GUY,98.9,..,0.2195,23101.3538282741,..,70.18,24,403,826353,36.6197183098592,High income,Latin America & Caribbean
HIC,99.9884002141209,..,811.4043,41258.1342798368,61.6370408588566,80.1496259588259,4.3,54344,1408190184,30.3416121222989,,High income
HKG,100,..,0.6648,43550.6298747786,57.328,85.2473170731707,..,..,7536100,..,High income,East Asia & Pacific
HND,95.6,..,0.6689,2527.27366333188,56.485,72.884,13.2,3065,10644851,27.34375,Lower middle income,Latin America & Caribbean
HPC,50.5311127498598,..,34.6962,991.01991315821,..,64.7159155608789,44.1749436579845,1363189,917304254,27.2951628825272,,Heavily indebted poor countries (HIPC)
HRV,100,..,2.0149,17225.154484029,52.733,78.4731707317073,4,129,3859686,31.7880794701987,High income,Europe & Central Asia
HTI,51.3,..,0.2968,1219.11871645847,..,64.936,40.1,10306,11637398,..,Lower middle income,Latin America & Caribbean
HUN,100,..,4.3462,16375.0462724192,61.228,76.5707317073171,3.2,276,9592186,14.070351758794,High income,Europe & Central Asia
IBD,99.0885820346684,77110,2435.3245,7249.2635017382,..,74.5179789642607,17.2568418512037,1092711,4952212190,25.7191613846904,,IBRD only
IBT,90.3146248872835,104340,2561.8954,5638.70628095248,..,71.9985367096848,30.5226456824557,3648588,6858521511,24.8488844928014,,IDA & IBRD total
IDA,67.5014937828868,..,126.5709,1454.79918171861,..,65.4535271943526,45.1678586810205,2555877,1906309321,23.5375149233171,,IDA total
IDB,77.9201343756954,3698,61.219,2032.83591744395,..,62.4621643327349,53.738329798919,1051108,664395892,20.4879938032533,,IDA blend
IDN,99.4,59,59.5064,4192.65167890692,67.899,71.146,15.7,70550,281190067,21.5652173913044,Upper middle income,East Asia & Pacific
IDX,61.9201921189084,..,65.3519,1145.56246386603,..,67.0538393822484,40.6443293098068,1504769,1241913429,24.4853737811484,,IDA only
IMN,100,..,..,..,..,80.999,..,..,84165,..,High income,Europe & Central Asia
IND,99.5,217,246.1029,2270.9051808027,55.754,72.003,24.5,566617,1438069596,15.2416356877323,Lower middle income,South Asia
INX,..,..,..,..,..,..,..,..,..,..,,
IRL,100,..,2.4096,93541.9643678381,66.522,82.8073170731707,3.4,179,5311538,23.125,High income,Europe & Central Asia
IRN,100,34,63.4176,5687.84396330117,40.936,77.654,10.6,12563,90608707,5.59440559440559,Upper middle income,Middle East & North Africa
IRQ,100,469,14.7547,4337.08705324182,..,72.324,20.7,23838,45074049,29.0519877675841,Upper middle income,Middle East & North Africa
ISL,100,..,1.667,60019.4084189868,75.038,82.4560975609756,2.1,9,385663,47.6190476190476,High income,Europe & Central Asia
ISR,100,26712,3.8212,42011.6213954855,65.055,83.1951219512195,2.7,468,9849000,24.1666666666667,High income,Middle East & North Africa
ITA,100,..,19.192,34239.6554751239,49.872,83.3512195121951,2.3,917,58984216,32.25,High income,Europe & Central Asia
JAM,97.7,..,0.4462,6127.90771263434,66.371,71.479,16.7,555,2839786,28.5714285714286,Upper middle income,Latin America & Caribbean
JOR,100,..,1.958,3958.23043952182,40.123,77.814,12.3,2891,11439213,12.3076923076923,Lower middle income,Middle East & North Africa
JPN,100,..,56.1371,36952.5150709861,62.9,84.0412195121951,1.8,1373,124516650,10.3448275862069,High income,East Asia & Pacific
KAZ,100,..,14.8948,11453.3952725363,..,74.402,7.6,3132,20330104,18.3673469387755,Upper middle income,Europe & Central Asia
KEN,76.2,202,4.074,1811.21651838425,..,63.646,34.7,51461,55339003,23.2758620689655,Lower middle income,Sub-Saharan Africa
KGZ,100,..,1.2176,1298.25724482211,56.921,72.2487804878049,15,2247,7099750,20,Lower middle income,Europe & Central Asia
KHM,95,..,3.7109,2085.05748462122,79.981,70.668,17,6158,17423880,13.6,Lower middle income,East Asia & Pacific
KIR,95.9,..,0.0004,1968.80973802094,54.586,66.473,39.8,136,132530,6.66666666666667,Lower middle income,East Asia & Pacific
KNA,100,..,0.0005,21664.0333984701,..,72.145,14.4,8,46758,31.25,High income,Latin America & Caribbean
KOR,100,..,52.2959,36347.7036392553,64.602,83.4292682926829,2.4,583,51712619,19.0635451505017,High income,East Asia & Pacific
KWT,100,..,7.1235,24716.196765637,..,83.1878048780488,7.2,352,4853420,3.07692307692308,High income,Middle East & North Africa
LAC,98.2687443423624,..,137.7711,8532.81169578021,63.6047623490831,75.4986013301867,13.417493882001,114489,589889543,36.6261398176292,,Latin America & Caribbean (excluding high income)
LAO,96.5,..,5.238,2648.88726608035,..,68.964,28.2,4585,7664993,21.9512195121951,Lower middle income,East Asia & Pacific
LBN,100,123,0.9851,5834.63415739394,..,77.817,14.7,1376,5773493,6.25,Lower middle income,Middle East & North Africa
LBR,32.5,..,0.1961,653.329188343162,..,62.163,63.6,10630,5493031,10.958904109589,Low income,Sub-Saharan Africa
LBY,73.2,..,2.6944,7630.49664928174,..,69.339,16.3,2038,7305659,16.4705882352941,Upper middle income,Middle East & North Africa
LCA,100,..,0.0014,11440.0829538276,68.87,72.697,16,32,179285,11.1111111111111,Upper middle income,Latin America & Caribbean
LCN,98.4226177260083,..,160.2861,8737.77637787077,63.4683632826505,75.6435273174016,13.6,126841,657616517,35.6995884773663,,Latin America & Caribbean
LDC,58.4341452966049,..,55.6949,1075.21265110133,..,66.5161082750607,41.849382418192,1500229,1160824674,26.6571834992888,,Least developed countries: UN classification
LIC,45.2721918756793,19377,16.4517,666.803267849144,..,64.5179111025439,47.7,991550,607774703,22.7133210558625,,Low income
LIE,100,..,..,..,..,84.5951219512195,..,..,39846,28,High income,Europe & Central Asia
LKA,100,..,2.1237,3964.91987394354,48.548,77.483,5.3,1737,22037000,5.33333333333333,Lower middle income,South Asia
LMC,91.2680749757223,6748,471.1181,2335.33048087966,59.1644273085005,69.5963746571515,33.9,2156078,3082002881,23.349564035783,,Lower middle income
LMY,90.491567372195,102455,2399.696,5470.5324742774,..,71.9735329954044,30.6830454921362,3479444,6498875200,24.9047507969831,,Low & middle income
LSO,57.3,..,0.0059,974.382478149793,..,57.375,58.4,3224,2311472,26.4462809917355,Lower middle income,Sub-Saharan Africa
LTE,99.457096381276,902,1863.0029,11413.7698244462,..,77.1240563291033,7.41382058803014,148242,2326296729,23.637385278142,,Late-demographic dividend
LTU,100,..,1.8003,18685.5523679178,63.117,77.290243902439,2.9,62,2871585,28.3687943262411,High income,Europe & Central Asia
LUX,100,..,0.5181,105422.829667869,62.243,83.309756097561,1.9,13,666430,33.3333333333333,High income,Europe & Central Asia
LVA,100,..,0.717,16229.3844520245,61.175,75.4268292682927,2.4,36,1883710,32,High income,Europe & Central Asia
MAC,100,..,0.0038,59474.3964251614,..,83.1804878048781,..,..,678800,..,High income,East Asia & Pacific
MAF,100,..,..,..,..,80.224,..,..,27515,..,High income,Latin America & Caribbean
MAR,100,..,4.7455,3421.21704101563,..,75.313,15.3,9634,37712505,24.3037974683544,Lower middle income,Middle East & North Africa
MCO,100,..,..,225884.183303985,..,86.372,2.3,1,38956,45.8333333333333,High income,Europe & Central Asia
MDA,100,..,0.6316,3760.7000642059,70.787,71.198,14.9,482,2457783,38.6138613861386,Upper middle income,Europe & Central Asia
MDG,39.4,..,0.1228,445.834551910581,..,63.632,43.7,43167,31195932,18.5430463576159,Low income,Sub-Saharan Africa
MDV,100,..,0.0043,11439.5364342871,..,81.041,5,29,525994,4.59770114942529,Upper middle income,South Asia
MEA,96.4226367435274,31093,324.157,5455.97429791083,..,72.0838364704563,33,599236,797801454,17.1317641349187,,"Middle East, North Africa, Afghanistan & Pakistan"
MEX,99.7,..,55.9959,10259.1766616403,61.322,75.069,12.4,25406,129739759,50,Upper middle income,Latin America & Caribbean
MHL,100,..,0.0001,5482.44553639985,..,66.945,23.4,20,38827,12.1212121212121,Upper middle income,East Asia & Pacific
MIC,95.1581054427171,83078,2383.2443,5965.65860396171,..,72.7427166791526,26.8300629294618,2487894,5891100497,25.4187664986801,,Middle income
MKD,100,..,0.5329,6423.99221393369,51.841,75.3160975609756,3,54,1827816,42.5,Upper middle income,Europe & Central Asia
MLI,54.5,1238,0.692,892.360907760383,63.667,60.439,49.3,46019,23769127,28.5714285714286,Low income,Sub-Saharan Africa
MLT,100,..,0.012,33408.2005015872,71.761,83.3560975609756,4.8,21,552747,27.8481012658228,High income,Middle East & North Africa
MMR,76.8,2439,3.6644,1177.76649647177,..,66.889,33.8,30479,54133798,..,Lower middle income,East Asia & Pacific
MNA,96.0854287468734,4372,174.9159,3008.48699915159,..,71.2758849884582,34.6421494603851,594530,729077445,16.9865368089373,,"Middle East, North Africa, Afghanistan & Pakistan (excluding high income)"
MNE,100,..,..,8278.0284985113,64.015,77.5878048780488,2,14,623529,20.9876543209877,Upper middle income,Europe & Central Asia
MNG,100,..,0.5694,4456.53627552726,60.451,72.1224390243902,11.4,750,3481145,17.1052631578947,Upper middle income,East Asia & Pacific
MNP,100,..,0.0001,..,..,78.808,..,..,45143,..,High income,East Asia & Pacific
MOZ,36,176,2.1222,610.433258850746,..,63.611,44.9,55770,33635160,43.2,Low income,Sub-Saharan Africa
MRT,50.3,..,0.4077,1634.89897144624,..,68.484,31.1,5305,5022441,23.2954545454545,Lower middle income,Sub-Saharan Africa
MUS,100,..,0.0161,11348.4337725632,57.929,73.4121951219512,13.8,165,1248647,20,Upper middle income,Sub-Saharan Africa
MWI,15.6,..,0.2693,557.03523965791,..,67.353,38.4,25073,21104482,20.7253886010363,Low income,Sub-Saharan Africa
MYS,100,..,19.2129,11445.3925275079,..,76.657,6.9,2995,35126298,13.5135135135135,Upper middle income,East Asia & Pacific
NAC,100,..,188.3974,63053.7592640453,62.932050419447,78.7306687358934,5.4,21983,376954413,29.7016861219196,,North America
NAM,56.7,..,0.3667,3977.97779909619,..,67.385,38.3,2908,2963095,44.2307692307692,Lower middle income,Sub-Saharan Africa
NCL,100,..,0.035,..,59.288,78.766,..,..,289870,..,High income,East Asia & Pacific
NER,20.1,337,0.2023,557.572652727864,..,61.183,66.9,71392,26159867,..,Low income,Sub-Saharan Africa
NGA,61.2,2084,15.5679,2280.91931156115,82.559,54.462,70.1,517049,227882945,3.91061452513966,Lower middle income,Sub-Saharan Africa
NIC,88.3,..,0.3017,2241.12235476653,..,74.947,12,1592,6823613,51.6483516483517,Lower middle income,Latin America & Caribbean
NLD,100,..,10.5488,50960.7745021066,68.578,81.8634146341464,3.4,583,17877117,40,High income,Europe & Central Asia
NOR,100,..,7.0889,78775.7495154943,65.675,83.0121951219512,2,103,5519601,46.1538461538462,High income,Europe & Central Asia
NPL,94,..,2.1731,1136.42769313825,..,70.354,23.1,13295,29694614,33.0882352941176,Lower middle income,South Asia
NRU,100,..,0,8504.80065666726,..,62.109,8.2,3,11875,10.5263157894737,High income,East Asia & Pacific
NZL,100,..,2.4436,42573.2308423434,72.09,81.7585365853659,4.1,243,5200000,44.2622950819672,High income,East Asia & Pacific
OED,99.9229486259415,..,634.0583,40000.4208005086,61.0269514745376,80.1629177851037,6.05452960982658,84568,1387897706,32.8286373207661,,OECD members
OMN,100,..,14.7449,17853.9645119949,..,80.031,8.4,681,5049269,0,High income,Middle East & North Africa
OSS,94.4954692175265,..,3.9206,12349.4784075444,..,73.5849815358082,25.2972589405944,4993,12822134,24.3650047036689,,Other small states
PAK,95.6,1054,25.5772,1610.33122837537,..,67.649,49.7,338687,247504495,20.4678362573099,Lower middle income,Middle East & North Africa
PAN,97,..,0.3523,16877.1508423953,61.882,79.594,11.9,848,4458759,22.5352112676056,High income,Latin America & Caribbean
PER,96.2,..,5.7292,6568.0002779793,72.435,77.74,11.3,6098,33845617,38.7596899224806,Upper middle income,Latin America & Caribbean
PHL,98,243,12.4998,3744.69763802928,60.436,69.833,22,40300,114891199,27.3311897106109,Lower middle income,East Asia & Pacific
PLW,100,..,0.0004,13128.1314312511,67.122,69.269,19,4,17727,6.25,High income,East Asia & Pacific
PNG,20.5,..,0.133,2515.29070398356,..,66.134,32.2,8190,10389635,2.7027027027027,Lower middle income,East Asia & Pacific
POL,100,..,16.9507,17410.3830137066,58.842,78.2585365853659,3.7,1155,36687353,29.3478260869565,High income,Europe & Central Asia
PRE,52.5309883201788,20063,61.9973,1429.95200849228,..,62.163638519596,49.8404360616042,1814454,1078224044,25.1482799525504,,Pre-demographic dividend
PRI,100,..,0.1445,30012.9242468103,..,81.69,..,..,3203792,..,High income,Latin America & Caribbean
PRK,57.5,..,2.9534,..,..,73.642,14.5,4989,26418204,17.6128093158661,Low income,East Asia & Pacific
PRT,100,..,3.8731,22417.1615864385,58.687,82.3292682926829,2.7,229,10578174,36.0869565217391,High income,Europe & Central Asia
PRY,99.8,..,0.6212,6449.23028812969,70.661,73.844,15,2053,6844146,22.5,Upper middle income,Latin America & Caribbean
PSE,100,..,..,2888.76306072177,..,65.17,16.8,2455,5165775,..,Lower middle income,Middle East & North Africa
PSS,88.8705713618501,..,0.0569,3839.58128039956,..,69.2745949035856,19.0789703343776,1191,2689224,8.63874345549739,,Pacific island small states
PST,100,..,521.0829,46034.0212973547,61.4518257723852,80.8341681111503,4.10730733839087,40530,1121315547,33.5226639937632,,Post-demographic dividend
PYF,100,..,0.0022,20664.9770259225,..,84.07,..,..,281118,..,High income,East Asia & Pacific
QAT,100,..,15.772,65337.9507645329,..,82.368,4.9,144,2656032,4.44444444444444,High income,Middle East & North Africa
ROU,100,..,7.0781,12340.8170509969,51.471,76.4048780487805,5.6,1037,19061062,19.0909090909091,High income,Europe & Central Asia
RUS,100,197,109.8355,10562.0263671875,62.706,73.2546341463415,4.2,5560,143826130,16.4444444444445,High income,Europe & Central Asia
RWA,63.9,..,0.3945,1004.33216650024,63.664,67.785,30.1,11806,13954471,61.25,Low income,Sub-Saharan Africa
SAS,99.4087889697405,217,264.4413,2236.80860471582,56.174830797989,72.3247648783903,24.2,666681,1662580579,17.7206851119894,,South Asia
SAU,100,9,84.6338,25634.8237547841,66.6,78.732,4.8,2501,33702731,19.8675496688742,High income,Middle East & North Africa
SDN,66,5353,1.0306,677.723205566406,..,66.331,44,73013,50042791,..,Low income,Sub-Saharan Africa
SEN,74.2,..,3.1657,1458.96642332589,49.719,68.683,30,15724,18077573,46.0606060606061,Lower middle income,Sub-Saharan Africa
SGP,100,..,9.7965,66167.3596303607,68.564,83.0975609756098,2.1,98,5917648,29.126213592233,High income,East Asia & Pacific
SLB,81.3,..,0.0017,1795.88798697142,..,70.528,16.9,361,800005,8,Lower middle income,East Asia & Pacific
SLE,35.5,..,0.1532,1113.86837500697,..,61.786,56.3,14389,8460512,28.1879194630873,Low income,Sub-Saharan Africa
SLV,98.3,..,0.4232,4489.17787712717,61.957,72.099,9.2,911,6309624,27.3809523809524,Upper middle income,Latin America & Caribbean
SMR,100,..,..,51323.7972635865,..,85.706,1.3,0,33860,33.3333333333333,High income,Europe & Central Asia
SOM,50.3,3847,0.0316,464.721069525567,..,58.816,67.3,51965,18358615,19.7080291970803,Low income,Sub-Saharan Africa
SRB,100,..,..,8208.4786891507,58.243,76.1414634146341,4.5,275,6623183,34.8,Upper middle income,Europe & Central Asia
SSA,53.0069667981858,..,70.708,1653.54090063039,..,62.0653637736909,49.2828892635315,1824760,1131078494,26.2121400972205,,Sub-Saharan Africa (excluding high income)
SSD,5.4,..,..,..,..,57.617,71.9,23039,11483374,32.3636363636364,Low income,Sub-Saharan Africa
SSF,53.2558710664349,..,73.9431,1572.0784357913,..,62.6028583619521,48.2,1981483,1259889959,27.0339976553341,,Sub-Saharan Africa
SST,94.7947483488559,..,16.1411,12136.5395036554,..,72.9130400157843,22.4414144693519,7301,20031262,21.5065502183406,,Small states
STP,81.3,..,0.0006,1380.60169416257,..,69.718,9.5,61,230871,14.5454545454545,Lower middle income,Sub-Saharan Africa
SUR,99.6,..,0.0213,7186.47308739957,..,73.631,15.2,165,628886,29.4117647058824,Upper middle income,Latin America & Caribbean
SVK,100,..,4.0597,19383.3732009401,61.6,78.119512195122,5.2,273,5426740,22,High income,Europe & Central Asia
SVN,100,..,1.3865,25773.9015835069,58.525,81.9292682926829,1.9,34,2120461,37.7777777777778,High income,Europe & Central Asia
SWE,100,..,4.1599,53937.7967122429,67.529,83.309756097561,2,203,10536632,46.4183381088825,High income,Europe & Central Asia
SWZ,86.4,..,0.0044,3790.16576788091,50.954,64.123,44.7,1321,1230506,17.1428571428571,Lower middle income,Sub-Saharan Africa
SXM,100,..,..,34300.9634216479,..,76.371,..,..,42749,..,High income,Latin America & Caribbean
SYC,100,..,0.0016,16242.4365925219,63.307,75.419512195122,13.1,23,119773,22.8571428571429,High income,Sub-Saharan Africa
SYR,88.4,1660,1.4891,..,..,72.12,18.6,9289,23594623,10.8,Low income,Middle East & North Africa
TCA,100,..,0.0008,54523.0330927151,..,78.008,3.1,2,46198,..,High income,Latin America & Caribbean
TCD,12,61,0.2844,856.832488745342,..,55.069,58,46476,19319064,25.8883248730965,Low income,Sub-Saharan Africa
TEA,98.7474424069608,2772,1640.0877,9774.45468650513,..,75.9085643603807,11.6764097339227,228753,2111139152,23.3100233100233,,East Asia & Pacific (IDA & IBRD)
TEC,100,..,248.8354,10089.5680721267,58.9027080085175,74.6977585417017,9.56302906839522,53435,458602212,25.0628858906929,,Europe & Central Asia (IDA & IBRD)
TGO,59.2,29,0.6856,893.753030300995,..,62.74,35.9,10285,9304337,19.7802197802198,Low income,Sub-Saharan Africa
THA,100,30,29.2105,6408.41432577294,68.239,76.412,7.9,4727,71702435,18.8376753507014,Upper middle income,East Asia & Pacific
TJK,100,..,1.8783,1407.1075436221,..,71.79,24,6521,10389799,26.984126984127,Lower middle income,Europe & Central Asia
TKM,100,..,1.8462,7880.44528570939,..,70.073,31.3,5039,7364438,25.6,Upper middle income,Europe & Central Asia
TLA,98.3852491204833,..,159.672,8612.78979317983,63.4440570327479,75.5699258379688,13.6663728063449,126161,642397939,33.1163065995857,,Latin America & Caribbean (IDA & IBRD)
TLS,100,..,0.0037,1279.21122757564,..,67.689,35.7,1086,1384286,36.9230769230769,Lower middle income,East Asia & Pacific
TMN,96.0574946837091,4372,174.9159,3009.34133947192,..,71.3194560888195,34.7941815337804,592075,723911670,16.9865368089373,,"Middle East, North Africa, Afghanistan & Pakistan (IDA & IBRD)"
TON,100,..,0.0005,4680.29974543195,51.415,72.895,8,19,104597,7.14285714285714,Upper middle income,East Asia & Pacific
TSA,99.4087889697405,217,264.4413,2236.80860471582,56.174830797989,72.3247648783903,24.2252224457107,666681,1662580579,17.7206851119894,,South Asia (IDA & IBRD)
TSS,53.2558710664349,..,73.9431,1572.0784357913,..,62.6028583619521,48.2407285889682,1981483,1259889959,27.0339976553341,,Sub-Saharan Africa (IDA & IBRD)
TTO,98.7,..,11.8174,15922.7668349788,55.268,73.49,17.5,284,1367510,28.5714285714286,High income,Latin America & Caribbean
TUN,100,..,3.0705,3967.33387634534,45.394,76.508,10.5,1779,12200431,16.2337662337662,Lower middle income,Middle East & North Africa
TUR,100,106,53.4773,14932.8851363122,53.338,77.156,9.8,10526,85325965,19.8333333333333,Upper middle income,Europe & Central Asia
TUV,100,..,0,4773.34085526672,..,67.105,17,4,9816,6.25,Upper middle income,East Asia & Pacific
TZA,48.3,..,3.12,1092.86413574219,..,66.995,29.7,68724,66617606,37.4045801526718,Lower middle income,Sub-Saharan Africa
UGA,51.5,..,1.9489,955.745797275462,..,68.252,36.2,61269,48656601,33.8129496402878,Low income,Sub-Saharan Africa
UKR,100,75080,12.9044,2164.26123046875,..,73.422,7.8,1730,37732836,20.4326923076923,Upper middle income,Europe & Central Asia
UMC,99.4286124139067,76330,1912.1262,9948.67495433201,..,76.1947274320673,11.3,331816,2809097616,26.9410196601133,,Upper middle income
URY,100,..,0.3938,18378.9833563662,64.584,78.138,6.1,206,3388081,26.2626262626263,High income,Latin America & Caribbean
USA,100,..,157.4261,65186.5977244157,62.604,78.3853658536585,5.5,20324,336806231,28.9655172413793,High income,North America
UZB,100,..,10.0494,3725.67414578619,..,72.388,13.1,12238,35652307,33.5714285714286,Lower middle income,Europe & Central Asia
VCT,100,..,0.0007,9051.35208011007,..,71.23,10.7,13,101323,18.1818181818182,Upper middle income,Latin America & Caribbean
VEN,100,..,5.9212,1430.74575249312,..,72.514,21.2,8975,28300854,..,,Latin America & Caribbean
VGB,100,..,0.0003,..,..,77.276,11.7,4,38985,..,High income,Latin America & Caribbean
VIR,100,..,0.0002,..,..,80.519512195122,..,..,104917,..,High income,Latin America & Caribbean
VNM,99.8,..,50.1898,3775.46375555802,72.206,74.588,12.4,17423,100352192,30.2605210420842,Lower middle income,East Asia & Pacific
VUT,61.6,..,0.0011,2733.35978526081,..,71.477,14.7,132,320409,1.92307692307692,Lower middle income,East Asia & Pacific
WLD,91.5991774421991,..,3226.5414089022,11631.716477221,..,73.3288401042825,28.4,3699467,8064057930,26.7357485206308,,World
WSM,100,..,0.0013,4688.4631403154,..,71.698,12.6,70,216663,12.962962962963,Upper middle income,East Asia & Pacific
XKX,..,..,..,5102.74914613981,35.637,78.033,8.3,173,1682668,..,Upper middle income,Europe & Central Asia
YEM,83.6,795,1.2617,..,..,69.295,34.9,47523,39390799,0,Low income,Middle East & North Africa
ZAF,87.7,..,18.2845,5756.55049453121,55.02,66.139,24.3,28769,63212384,45.8646616541353,Upper middle income,Sub-Saharan Africa
ZMB,51.1,..,1.2905,1330.85998216751,61.961,66.349,35,23706,20723965,14.9700598802395,Lower middle income,Sub-Saharan Africa
ZWE,62,..,0.9636,1418.47184628799,67.742,62.775,62.2,30569,16340822,30.6818181818182,Lower middle income,Sub-Saharan Africa
